	0.0 s	900995.0 s	1801990.0 s	2702985.0 s	3603980.0 s	4504975.0 s	5405970.0 s	6306965.0 s	7207960.0 s	8108955.0 s	9009950.0 s	9910945.0 s	10811940.0 s	11712935.0 s	12613930.0 s	13514925.0 s	14415920.0 s	15316915.0 s	16217910.0 s	17118905.0 s
0	7062932963.496178	7051360414.220174	7039806826.457342	7028272169.139421	7016756411.249056	7005259521.819711	6993781469.935591	6982322224.731556	6970881755.393037	6959460031.155955	6948057021.306638	6936672695.181737	6925307022.168145	6913959971.702916	6902631513.273179	6891321616.416059	6880030250.718592	6868757385.817649	6857502991.399849	6846267037.201479
1	4354465263.006303	4347330486.596645	4340207400.493637	4333095985.542751	4325996222.620846	4318908092.636111	4311831576.528019	4304766655.267273	4297713309.855755	4290671521.326476	4283641270.743525	4276622539.202016	4269615307.828039	4262619557.7786098	4255635270.241617	4248662426.4357743	4241701007.6105666	4234750995.0462027	4227812370.053563	4220885113.974151
2	2684630846.0232363	2680232067.376361	2675840496.146287	2671456120.523633	2667078928.7183666	2662708908.959774	2658346049.4964275	2653990338.5961537	2649641764.5460033	2645300315.652218	2640965980.2402	2636638746.6544805	2632318603.2586875	2628005538.435517	2623699540.586698	2619400598.1329646	2615108699.5140233	2610823833.1885214	2606545987.634018	2602275151.346951
3	1655138422.2767673	1652426455.4850044	1649718932.2876315	1647015845.4037592	1644317187.5644276	1641622951.5125873	1638933130.0030794	1636247715.8026164	1633566701.6897628	1630890080.4549155	1628217844.9002843	1625549987.8398726	1622886502.0994585	1620227380.5165746	1617572615.94049	1614922201.2321897	1612276129.2643564	1609634392.9213512	1606996985.0991938	1604363898.7055445
4	1020431987.5772928	1018759983.7009311	1017090719.4455862	1015424190.3223193	1013760391.8495467	1012099319.5530279	1010440968.9658537	1008785335.628434	1007132415.0884857	1005482202.9010211	1003834694.6283356	1002189885.8399959	1000547772.1128279	998908349.0309054	997271612.1855375	995637557.175257	994006179.6058089	992377475.090138	990751439.2483776	989128067.7078376
5	629120455.430797	628089616.0141684	627060465.6697478	626033001.6299222	625007221.1316129	623983121.416269	622960699.7298594	621939953.3228657	620920879.4502748	619903475.3715712	618887738.35073	617873665.6562092	616861254.5609428	615850502.3423328	614841406.282243	613833963.6669903	612828171.7873381	611824027.9384896	610821529.4200792	609820673.5361665
6	387867639.102051	387232094.855765	386597591.9865688	385964128.7881042	385331703.55680877	384700314.5919116	384069960.19542855	383440638.67215776	382812348.3296751	382185087.47832936	381558854.4312382	380933647.50428313	380309465.01610535	379686305.288101	379064166.64441663	378443047.41194487	377822945.92031986	377203860.5019126	376585789.4918267	375968731.2278939
7	239129571.16347224	238737737.38260734	238346545.6540891	237955994.92586124	237566084.1475914	237176812.27066824	236788178.24819863	236400181.03500488	236012819.58762193	235626092.8642945	235239999.82497433	234854539.43131736	234469710.64668092	234085512.43612105	233701943.76638952	233319003.6059312	232936690.9248813	232555004.6950625	232173943.88998225	231793507.48482996
8	147429034.24522164	147187455.0069497	146946271.6236932	146705483.4467988	146465089.82867607	146225090.1227957	145985483.68368784	145746269.8669403	145507448.02919677	145269017.52815524	145030977.7225661	144793327.9722306	144556067.63799897	144319196.08176875	144082712.66648307	143846616.75612903	143610907.71573582	143375584.91137314	143140647.71014947	142906095.4802103
9	90893484.48909836	90744541.72164829	90595843.0194867	90447387.98267567	90299176.21193272	90151207.30862957	90003480.8747912	89855996.51309472	89708753.82686831	89561752.42009017	89414991.89738742	89268471.86403507	89122191.92595497	88976151.68971469	88830350.7625265	88684788.75224634	88539465.2673727	88394379.91704564	88249532.3110457	88104922.05979285
10	56037981.140702985	55946151.71877741	55854472.7776591	55762944.07075533	55671565.351877466	55580336.37524029	55489256.895461366	55398326.66756036	55307545.446958385	55216912.989477344	55126429.05133928	55036093.38916573	54945905.75997701	54855865.921191655	54765973.63062568	54676228.646492	54586630.72739972	54497179.63235352	54407875.120753005	54318716.95239204
11	34548739.20522946	34492122.110036634	34435597.79664363	34379166.11300346	34322826.9073183	34266580.02803909	34210425.323865116	34154362.64374361	34098391.83686936	34042512.75268425	33986725.24087693	33931029.15138234	33875424.33438139	33819910.640300445	33764487.91981103	33709156.02382938	33653914.80351601	33598764.11027537	33543703.795755446	33488733.711847287
12	21300113.558102027	21265206.160066705	21230355.96950456	21195562.892662033	21160826.835939202	21126147.705889545	21091525.409219686	21056959.852789134	21022450.943610046	20987998.58884697	20953602.695816595	20919263.1719875	20884979.92497991	20850752.862565443	20816581.89266687	20782466.923357848	20748407.862862702	20714404.61955615	20680457.10196308	20646565.218758278
13	13132022.731217515	13110500.236147488	13089013.01495286	13067561.00982226	13046144.16303906	13024762.416981222	13003415.714121154	12982103.99702554	12960827.208355201	12939585.290864926	12918378.187403327	12897205.840912683	12876068.194428788	12854965.191080794	12833896.774091061	12812862.886775004	12791863.47254094	12770898.474889932	12749967.837415649	12729071.503804196
14	8096201.751521549	8082931.646342357	8069683.29153684	8056456.651455089	8043251.690505632	8030068.373155328	8016906.66392928	8003766.527410733	7990647.928240982	7977550.831119278	7964475.200802733	7951421.0021062195	7938388.199902283	7925376.759121044	7912386.644750102	7899417.821834449	7886470.255476362	7873543.910835324	7860638.753127919	7847754.7476277435
15	4991499.1829542555	4983317.089376282	4975148.407898558	4966993.1165360045	4958851.193339578	4950722.616396214	4942607.363828768	4934505.4137959555	4926416.744492296	4918341.334148052	4910279.16102917	4902230.203437223	4894194.439709351	4886171.848218206	4878162.40737189	4870166.095613897	4862182.891423059	4854212.773313482	4846255.719834496	4838311.7095705895
16	3077376.758558753	3072331.7138980506	3067294.9400394815	3062266.423424018	3057246.150514861	3052234.107797404	3047230.281779194	3042234.658989899	3037247.2259812695	3032267.969327103	3027296.875623207	3022333.9314873647	3017379.123559296	3012432.438500625	3007493.8629948418	3002563.3837472675	2997640.9874850176	2992726.6609569676	2987820.3909337167	2982922.1642075516
17	1897275.12564499	1894164.277483402	1891058.5299605904	1887957.8747134483	1884862.303392582	1881771.8076622866	1878686.3792005249	1875606.0096989046	1872530.6908626554	1869460.4144106081	1866395.1720751708	1863334.955602307	1860279.7567515145	1857229.5672958014	1854184.379021665	1851144.1837290702	1848108.973231426	1845078.7393555646	1842053.4739417187	1839033.1688435003
18	1169714.6490103994	1167796.3810284738	1165881.2588694154	1163969.2773743486	1162060.431392859	1160154.7157829776	1158252.1254111682	1156352.6551523127	1154456.2998896977	1152563.0545150007	1150672.9139282764	1148785.8730379432	1146901.9267607685	1145021.0700218563	1143143.2977546325	1141268.6049008318	1139396.9864104842	1137528.4372419005	1135662.9523616598	1133800.5267445955
19	721156.4799863797	719973.5453746914	718792.5511351922	717613.4940851316	716436.3710469791	715261.1788484165	714087.914322329	712916.5743067964	711747.155645085	710579.6551856392	709414.0697820722	708250.3962931586	707088.6315828253	705928.7725201428	704770.8159793175	703614.7588396828	702460.5979856906	701308.3303069033	700157.9526979853	699009.4620586943
20	444609.81734151044	443880.2949054168	443151.9694503338	442424.83901233465	441698.90163071465	440974.1553479861	440250.5982098729	439528.2282653054	438807.043566415	438087.04216852895	437368.2221301651	436650.5815130267	435934.11838199716	435218.8308051349	434504.7168536679	433791.7746019889	433080.0021276497	432369.39751135657	431659.9588369644	430951.68419147213
21	274112.3045551458	273662.36943996674	273213.1728303817	272764.71351428336	272316.9902815536	271870.0019240605	271423.74723565497	270978.2250121674	270533.43405140465	270089.37315314653	269646.04111914284	269203.43675310985	268761.5588607273	268320.4062496351	267879.9777294301	267440.2721116628	267001.2882098343	266563.0248393931	266125.4808177317	265688.6549641837
22	168996.59116713924	168719.0655388685	168441.99563316553	168165.38070173672	167889.21999751718	167613.51277466855	167338.2582885771	167063.4557958517	166789.10455432176	166515.20382303526	166241.75286225678	165968.75093346546	165696.19729935302	165424.09122382177	165152.4319719826	164881.21881015302	164610.45100585526	164340.12782781408	164070.248545955	163800.8124314022
23	104190.29577581031	104019.0936507309	103848.17281096803	103677.53279441266	103507.17313971487	103337.09338628256	103167.29307428027	102997.77174462791	102828.52893899953	102659.56419982207	102490.87707027413	102322.46709428473	102154.33381653207	101986.47678244236	101818.89553818849	101651.58963068889	101484.55860760623	101317.80201734629	101151.31940905662	100985.11033262548
24	64235.70386530295	64130.07521103642	64024.62022375036	63919.33861795541	63814.23010863143	63709.29441122681	63604.531241657605	63499.940316306835	63395.521352023694	63291.274066122765	63187.1981763833	63083.29340104841	62979.55945882433	62875.996068879664	62772.602950844586	62669.37982481013	62566.326411327405	62463.44243140684	62360.72760651742	62258.18165858598
25	39602.77013431421	39537.58657212069	39472.5102704717	39407.54105290771	39342.67874325944	39277.923165647364	39213.27414448126	39148.73150445971	39084.29507056964	39019.96466808585	38955.74012257052	38891.62125987276	38827.60790612812	38763.699887758135	38699.897031469845	38636.19916425532	38572.6061133912	38509.117706438235	38445.7337712408	38382.45413592643
26	24415.997285603255	24375.762674922524	24335.594339249772	24295.49216945303	24255.456056579977	24215.48589185764	24175.58156669211	24135.742972668246	24095.97000154937	24056.26254527698	24016.620495970466	23977.0437459268	23937.532187620254	23898.08571370211	23858.704217000355	23819.387590519415	23780.135727439836	23740.948521118018	23701.82586508591	23662.76765305073
27	15053.003086897981	15028.160659509253	15003.359204113796	14978.598653172201	14953.878939256341	14929.199995049197	14904.561753344666	14879.964147047382	14855.407109172535	14830.890572845687	14806.41447130259	14781.97873788901	14757.583306060536	14733.228109382406	14708.913081529325	14684.638156285282	14660.403267543375	14636.20834930563	14612.053335682818	14587.938160894277
28	9280.503860246467	9265.15928723002	9249.840059557675	9234.546135397202	9219.277472985379	9204.034030627869	9188.815766699108	9173.622639642193	9158.454607968772	9143.31163025892	9128.193665161041	9113.100671391743	9098.032607735731	9082.989433045695	9067.971106242197	9052.977586313558	9038.008832315749	9023.064803372275	9008.145458674073	8993.250757479385
29	5721.627902949502	5712.145360945597	5702.67850934259	5693.227322206781	5683.791773647299	5674.371837816031	5664.967488907546	5655.57870115903	5646.205448850215	5636.847706303308	5627.505447882919	5618.178647995993	5608.867281091742	5599.571321661573	5590.290744239015	5581.025523399657	5571.775633761073	5562.541049982753	5553.321746766038	5544.1176988540465
30	3527.5016412893688	3521.638137066147	3515.7843546581134	3509.9402779711163	3504.105890937615	3498.281177516637	3492.4661216937316	3486.660707480929	3480.864918916695	3475.0787400658864	3469.30215501971	3463.5351478956763	3457.7777028375585	3452.0298040153475	3446.291435625208	3440.562581889438	3434.843227056423	3429.1333554005937	3423.4329512223835	3417.7419988481847
31	2174.774749841182	2171.1463199441473	2167.523919622764	2163.9075388777055	2160.297167726199	2156.692796201999	2153.0944143553606	2149.50201225301	2145.9155799781192	2142.3351076302783	2138.760585325467	2135.1920031960303	2131.6293513906485	2128.072620074312	2124.521799428294	2120.976879650122	2117.437850953555	2113.904703568551	2110.3774277412454	2106.8560137339205
32	1340.7896170879892	1338.542156609651	1336.2984397001178	1334.058460138868	1331.8222117156895	1329.5896882306622	1327.3608834941413	1325.1357913267404	1322.9144055593147	1320.696720032943	1318.482728598912	1316.2724251186987	1314.0658034639537	1311.862857516484	1309.663581168237	1307.4679683212828	1305.2760128877978	1303.0877087900483	1300.903049960373	1298.722030341167
33	826.6203831498782	825.2266489522674	823.8352414756932	822.446156844692	821.0593911902248	819.6749406496667	818.2928013667964	816.9129694917854	815.5354411811869	814.160212597926	812.7872799112887	811.4166392969111	810.0482869367692	808.6822190191682	807.3184317387321	805.9569212963928	804.5976838993803	803.2407157612114	801.8860131016799	800.5335721468455
34	509.6246978452765	508.7591135633655	507.8949767070483	507.03228485718927	506.17103559865376	505.3112265203013	504.45285521497897	503.59591927951453	502.7404163147097	501.88634392533356	501.0336997201159	500.1824813117404	499.33268631683796	498.4843123559802	497.63735705367264	496.7918180383482	495.94769294236033	495.10497940197683	494.26367505737267	493.42377755262385
35	314.1907664027134	313.6522036018851	313.1145416606398	312.5777790642308	312.04191430038935	311.5069458593204	310.97287223369807	310.4396919186615	309.90740341181015	309.3760052131997	308.8454958253375	308.3158737531784	307.7871375041202	307.2592855879995	306.73231651708704	306.2062288060837	305.68102097211596	305.1566915347316	304.6332390158953	304.1106619399845
36	193.70221840201995	193.36636356355427	193.03106917485144	192.69633428177843	192.36215793170584	192.0285391735047	191.69547705754334	191.36297063568426	191.03101896128078	190.69962108917395	190.36877607568937	190.038482978634	189.70874085729287	189.37954877242595	189.05090578626493	188.72281096250998	188.39526336632653	188.06826206434215	187.7418061246432	187.41589461677165
37	119.41902850913752	119.20899612414402	118.99931167033343	118.78997453905683	118.58098412251528	118.37233981375672	118.16404100667299	117.95608709599668	117.74847747729808	117.54121154698205	117.33428870228494	117.12770834127133	116.92146986283097	116.71557266667551	116.51001615333531	116.30479972415623	116.09992278129626	115.8953847277224	115.69118496720722	115.48732290432558
38	73.62234549823498	73.49054478368032	73.3589589420682	73.22758757452539	73.09643028253852	72.96548666794978	72.83475633295241	72.70423888008636	72.57393391223366	72.44384103261382	72.31395984477922	72.1842899526103	72.05483096031082	71.92558247240294	71.79654409372226	71.66771542941285	71.5390960849221	71.41068566599546	71.28248377867132	71.15449002927554
39	45.38812062326763	45.305063831454135	45.222138316590886	45.13934380274691	45.05668001390105	44.974146673933625	44.891743506617914	44.80947023561146	44.727326584447184	44.6453122765243	44.56342703509905	44.481670583275175	44.400042643994205	44.318542940025544	44.237171193956286	44.155927128180785	44.07481046488999	43.99382092606053	43.912958233443476	43.832222108552884
40	27.98145221287519	27.92884529322934	27.87631691345411	27.823866863555814	27.77149493292002	27.719200910293715	27.666984583766904	27.614845740753722	27.56278416797295	27.510799651427963	27.458891976386056	27.407060927357147	27.355306288071798	27.30362784145853	27.25202536962039	27.200498653810758	27.149047474408302	27.097671610891066	27.046370841809626	26.995144944759232
41	17.250139561976763	17.216615089034708	17.18313572311274	17.149701280980352	17.116311578026473	17.082966428220054	17.04966564406918	17.016409036578604	16.983196415205615	16.950027587814155	16.916902360627073	16.88382053817636	16.850781923251233	16.817786316843943	16.784833518092995	16.751923324223686	16.71905553048554	16.686229930086398	16.65344631412265	16.620704471505206
42	10.634272528651886	10.612753277298344	10.591257813341501	10.569785951243402	10.548337502876706	10.52691227743703	10.505510081350959	10.484130718179394	10.462773988515805	10.441439689878951	10.420127616599451	10.398837559699507	10.377569306764878	10.356322641807955	10.335097345120511	10.31389319311432	10.292709958147372	10.271547408332914	10.25040530732792	10.229283414096901
43	6.5556213553366	6.541690473334321	6.527769685285077	6.513858779148342	6.499957538275321	6.486065741212333	6.472183161491021	6.458309567403687	6.444444721761563	6.430588381633091	6.41674029805832	6.402900215734266	6.389067872664404	6.375242999763529	6.361425320406818	6.347614549909291	6.333810394918918	6.32001255270355	6.306220710308722	6.292434543560358
44	4.041182031877248	4.032074786047795	4.022968756973564	4.013863682869713	4.004759293878548	3.9956553116187163	3.986551448689528	3.9774474081197564	3.9683428827457505	3.959237554497678	3.9501310935650706	3.941023157403705	3.9319133895354423	3.922801418081521	3.9136868539586116	3.9045692886564534	3.8954482915070887	3.886323406349348	3.8771941474892175	3.8680599948576644
45	2.4910838706521594	2.4850633712692494	2.479038258714773	2.4730081956173646	2.466972830420402	2.460931796285139	2.454884709804247	2.448831169450896	2.442770753657409	2.436703018380878	2.430627493973728	2.4245436811385765	2.418451045713559	2.4123490120110405	2.40623695442378	2.4001141870214635	2.393979950889256	2.387833399009139	2.3816735785533365	2.375499410544488
46	1.5354996303245134	1.5314698800068027	1.527431610682373	1.52338437669857	1.5193277068671063	1.515261101388159	1.5111840277954347	1.5070959154603698	1.502996148058758	1.4988840532865813	1.4947588890375119	1.4906198252440197	1.4864659206526958	1.4822960939588163	1.4781090889619313	1.4739034337104149	1.4696773939578434	1.4654289216320022	1.461155599390458	1.4568545826778934
47	0.9464276838881637	0.9436934027300201	0.9409478962233705	0.93819056365721	0.9354207550836706	0.9326377606031747	0.9298407945738647	0.9270289726796884	0.9242012796570046	0.9213565256501627	0.918493289684943	0.9156098495984923	0.9127040988727645	0.9097734520707648	0.9068147418348836	0.903824111538238	0.90079690856605	0.8977275837595446	0.8946096027332808	0.8914353745712421
48	0.5833039970015156	0.5814212947811928	0.5795253751904516	0.5776154033095687	0.5756904339783929	0.5737493690747684	0.5717908932129188	0.5698133828108843	0.5678147856701635	0.5657924715722814	0.5637430584388056	0.5616622226816025	0.5595445058430399	0.5573831319695516	0.555169851059198	0.5528948232883428	0.5505465566796146	0.5481119077093487	0.5455761504506715	0.5429231156234737
49	0.359470904092994	0.35815423398483853	0.3568227050973448	0.3554750766519348	0.35410980854891	0.35272490109472027	0.35131767118731383	0.3498844686658276	0.3484203495358605	0.34691873481489943	0.34537109209366296	0.3437666798595847	0.3420923917281775	0.3403327296893217	0.3384699238235779	0.3364842025765724	0.33435420446622394	0.3320575105843892	0.3295712685043442	0.3268728727574623
50	0.22150452957322309	0.22056853641050359	0.21961601348192258	0.2186448558436317	0.2176520692811486	0.2166332901383777	0.2155822157397919	0.21449002134806447	0.2133448615949232	0.21213155551281315	0.2108315349451385	0.20942310177591164	0.20788199831522622	0.206182255562331	0.20429725236815643	0.2022008984529815	0.19986884680315728	0.19727964500030853	0.1944157479655609	0.19126433326152342
51	0.1364698132804207	0.13579279938720265	0.13509689648637657	0.13437789780970907	0.1336291596622549	0.13284060886164054	0.1319979033924678	0.13108198863118767	0.13006922870827842	0.1289321826064198	0.12764097293197527	0.12616509362081252	0.124475440588903	0.12254633198330765	0.12035730657924325	0.11789453797676899	0.11515176474752753	0.11213070025051847	0.10884094145135774	0.10529943848964313
52	0.08406303748044715	0.0835637335231243	0.08304108177854672	0.08248596806815484	0.08188387418893169	0.08121390820896006	0.08044891723725707	0.0795568752956324	0.07850339544847529	0.07725494614270684	0.07578222490645248	0.0740631622326931	0.07208515533175856	0.06984630996451202	0.06735564821189942	0.06463238621763612	0.06170448225110696	0.058606700419463226	0.05537843717121375	0.052061528965016965
53	0.051767557408592915	0.051389965604860706	0.05097986384575797	0.0505186146405499	0.049978894486107775	0.04932608388990349	0.04852196546860223	0.04752987707147879	0.04632007344857161	0.044874127852134515	0.04318760150640668	0.04127071211588085	0.0391471722090547	0.03685165458477712	0.03442645993987989	0.031917942474997615	0.02937314335580672	0.02683693851062434	0.024349863773942982	0.021946659662438486
54	0.03186720861275365	0.03157044027805015	0.031224078948093162	0.030795757483212366	0.03024506854669819	0.029530674935453985	0.028618788687488683	0.027490305004623638	0.02614475513243394	0.02460054444026904	0.022892040367516873	0.021064677469544386	0.019169356383668398	0.017257188016660374	0.015375260625268493	0.013563730835513947	0.011854242218595504	0.0102694845324216	0.008823615597300319	0.007523251719311051
55	0.01960507270902928	0.0193569596696079	0.019033138233829284	0.018589179009307764	0.017982549488474615	0.01718512384449373	0.016191436533081135	0.015020360868425656	0.013710902415000137	0.012314515398693554	0.010886616055415521	0.009479302506461479	0.00813632044890669	0.006890464487474226	0.005763056084141129	0.004764894394967793	0.0038980550269433426	0.0031580166489877516	0.0025357472646407395	0.0020195301424432268
56	0.012048576463443601	0.011823184686028058	0.011491770981938402	0.011010059192733953	0.010354332320982254	0.009530913962547433	0.008574264919228436	0.007537042794247618	0.006477594988903422	0.005449282927058289	0.0044937726864645285	0.0036384509999980324	0.002897000153387553	0.0022718304325014677	0.0017572247645406493	0.0013424043914329377	0.0010140849087181653	0.0007583693872988453	0.0005619999126830499	0.00041307640197499573
57	0.007390261007289891	0.007169217248995777	0.006819118624938039	0.0063153001657108385	0.005670074189103819	0.004927316290942633	0.00414614882308822	0.0033839920240606555	0.0026852562736514847	0.0020770295351996326	0.0015701048973550582	0.001162825055134844	0.0008456391299869013	0.0006051052275683748	0.0004268223276985328	0.00029726196611932923	0.000204706249437338	0.00013956362604019355	9.430770698133825e-05	6.32240982055853e-05
58	0.004517054557397598	0.004292579737672506	0.003935653018317441	0.003455714237397544	0.002899483827835958	0.002327903201299828	0.0017943515805970887	0.001333281348421843	0.0009590221411793115	0.0006704267472191342	0.0004571445014837077	0.00030501513912269487	0.00019969549987966927	0.0001286022426238337	8.163478956462346e-05	5.1172673574994904e-05	3.1726330565187705e-05	1.9481006720343312e-05	1.186109519341146e-05	7.168105993108453e-06
59	0.0027445656480107818	0.002520466512349673	0.002184601074442518	0.0017790199000337747	0.0013643531677210252	0.000990931577573175	0.0006861107313859013	0.0004558083332159004	0.0002922478149413201	0.00018177133056368244	0.0001101575648512575	6.52895178096987e-05	3.796566694148144e-05	2.1718246947744972e-05	1.2249963744931545e-05	6.825934857066156e-06	3.7637663931019466e-06	2.0564929983920407e-06	1.1148037898772637e-06	6.00184012860608e-07
60	0.0016525474534012073	0.00144078296303247	0.0011548830501735183	0.000852903245820146	0.0005853955125874158	0.0003772685911871818	0.0002305387549568327	0.00013472306853017758	7.583763595350408e-05	4.137036943086841e-05	2.197987869663691e-05	1.1420622512969006e-05	5.823369464378691e-06	2.9222690639797025e-06	1.44665082544773e-06	7.079022339478596e-07	3.429880939924463e-07	1.6477715180479712e-07	7.858658992109103e-08	3.7245680591213677e-08
61	0.000982678618917022	0.0007968109254174421	0.0005775895114333829	0.00037877358442528155	0.00022828174430602075	0.0001283252279826219	6.813183159920855e-05	3.4517969652265946e-05	1.682694901322653e-05	7.945905098103762e-06	3.654407005469799e-06	1.6441542335515647e-06	7.262497563566267e-07	3.1588775523755395e-07	1.3562619243848567e-07	5.7596672035100136e-08	2.4234042575075587e-08	1.0116731530262146e-08	4.195202143193414e-09	1.7297957010199811e-09
62	0.0005753045586873015	0.0004245573462349473	0.0002724858930235869	0.00015571242481256917	8.104507713445744e-05	3.914723451984722e-05	1.7811216003077806e-05	7.722441700484544e-06	3.21994503188413e-06	1.3004862859787334e-06	5.117025478972854e-07	1.9705191425413685e-07	7.454300586128976e-08	2.7784706137750403e-08	1.0229333046562794e-08	3.727435224002238e-09	1.346539299511966e-09	4.829192178181684e-10	1.7213751264590483e-10	6.10433369646236e-11
63	0.0003308473787016717	0.0002175669998045305	0.00012131699615439948	5.9434200692300446e-05	2.6334658960688982e-05	1.0789338932367924e-05	4.156089106891058e-06	1.5244216849828107e-06	5.376347858958636e-07	1.8370488341013964e-07	6.117712047651447e-08	1.994993782044901e-08	6.394651618236908e-09	2.0208534971168624e-09	6.311970077732941e-10	1.952444255533391e-10	5.990861905580257e-11	1.8259261607994578e-11	5.5340604242351736e-12	1.6694422533691837e-12
64	0.00018667983425862497	0.00010728768456958408	5.113162514973228e-05	2.1179742614850444e-05	7.892119191310013e-06	2.7120103183268162e-06	8.751651197916142e-07	2.688108226250252e-07	7.93949512146598e-08	2.2726467252597836e-08	6.343248430704489e-09	1.734660590703539e-09	4.665440852481906e-10	1.2378486117218004e-10	3.247898174124352e-11	8.444185397707294e-12	2.1788790134540017e-12	5.587266806686501e-13	1.4253588662422052e-13	3.6206921092640717e-14
65	0.00010334329331881237	5.102348726407217e-05	2.0498071220962212e-05	7.095871028612935e-06	2.200740274287248e-06	6.282500249204874e-07	1.6829201938649764e-07	4.290280393505902e-08	1.0519108135059818e-08	2.5005134328774746e-09	5.798662962739949e-10	1.3181873909836725e-10	2.948728513544642e-11	6.5105598464116465e-12	1.4222692949793402e-12	3.080158895649962e-13	6.62334360058768e-14	1.4159569392771838e-14	3.01261508624671e-15	6.384503632414397e-16
66	5.617592143952708e-05	2.3479368604527418e-05	7.860165006286659e-06	2.252041470135646e-06	5.763049595992555e-07	1.3556290571733818e-07	2.990813968688496e-08	6.279502144087207e-09	1.268349967604474e-09	2.48471388521606e-10	4.750702089388649e-11	8.908340825769363e-12	1.6445664647756592e-12	2.998006949831274e-13	5.409833612013488e-14	9.681446353410171e-15	1.7209680133080093e-15	3.042447154707813e-16	5.354626427291284e-17	9.389592479015378e-18
67	3.0028884995374948e-05	1.049451882798342e-05	2.899947118208149e-06	6.821875718632085e-07	1.4300024798488006e-07	2.7527235850852084e-08	4.968488079286403e-09	8.535016828408885e-10	1.4108365753644803e-10	2.2627126635418577e-11	3.54325827726254e-12	5.443974982892938e-13	8.238053357314653e-14	1.231491799266653e-14	1.8229287710755393e-15	2.67708359825277e-16	3.906308853111129e-17	5.670381570333311e-18	8.196431432369214e-19	1.1807226290178933e-19
68	1.5813846981785057e-05	4.574176871026533e-06	1.0352675953216963e-06	1.986413338779609e-07	3.390312980009879e-08	5.310099759733188e-09	7.797058510311704e-10	1.0897472898548092e-10	1.4659652169791765e-11	1.9140072206251644e-12	2.4408371784498316e-13	3.055137935507583e-14	3.7676512727110035e-15	4.591491250279215e-16	5.542462544062198e-17	6.639409494920203e-18	7.904616532266303e-19	9.36427717852899e-20	1.1049047034312638e-20	1.2994695755698421e-21
69	8.220264824204232e-06	1.9515586687553824e-06	3.594935075396105e-07	5.595835925377606e-08	7.73767892293052e-09	9.813729478290769e-10	1.166772159353662e-10	1.3205647601829533e-11	1.4389241148785656e-12	1.5221669085390887e-13	1.5732386173319714e-14	1.596454185902372e-15	1.5965929387643537e-16	1.5783218952230006e-17	1.5458745929880028e-18	1.5029074178195083e-19	1.452468124168389e-20	1.3970284209825482e-21	1.338548162894003e-22	1.2785508484270498e-23
70	4.225787614617602e-06	8.178442621806815e-07	1.2199073878681264e-07	1.533714609134798e-08	1.711165505714675e-09	1.750503136426442e-10	1.6785992936528168e-11	1.5325259942652805e-12	1.347297831089283e-13	1.1501971485056644e-14	9.59623759242363e-16	7.862674480736281e-17	6.350702291209322e-18	5.071497433393836e-19	4.013463685967685e-20	3.1532958180435028e-21	2.4632078866166558e-22	1.9152616881895242e-23	1.483693234684148e-24	1.1459537254050954e-25
71	2.152119891584572e-06	3.3768050715907123e-07	4.061736912743752e-08	4.1097789611529845e-09	3.6873866611605644e-10	3.032718834978557e-11	2.33806656176052e-12	1.716367905475597e-13	1.2134941504791284e-14	8.33313711865336e-16	5.59362427214544e-17	3.6881693842241154e-18	2.397718712849441e-19	1.5414524070751762e-20	9.822121157144812e-22	6.214556645514669e-23	3.909906437066971e-24	2.4488765025914816e-25	1.5282823559264079e-26	9.510179031009005e-28
72	1.0875331846569785e-06	1.3772999211323886e-07	1.3314741688600425e-08	1.0811043797707037e-09	7.779309258934977e-11	5.130386580979867e-12	3.171588946089904e-13	1.8671557987717074e-14	1.0588297602494957e-15	5.832997494331646e-17	3.141591246762353e-18	1.6623277510667975e-19	8.674121794490603e-21	4.476572144521334e-22	2.2901805489839416e-23	1.1635318851304911e-24	5.878777515532804e-26	2.9572174187605998e-27	1.4823598118860048e-28	7.409783733123772e-30
73	5.460403604634536e-07	5.561601841929632e-08	4.309538140509338e-09	2.8013816045937873e-10	1.6130973170388688e-11	8.512000778873858e-13	4.210491575418001e-14	1.9836033339571507e-15	9.002801491059993e-17	3.969952254784867e-18	1.7117901302679018e-19	7.252504468735757e-21	3.030586515466539e-22	1.2526541706414402e-23	5.133213232030562e-25	2.0891821558512189e-26	8.456740153223123e-28	3.4084113260225567e-29	1.3690070178266293e-30	5.483621174692437e-32
74	2.7271649974799963e-07	2.2274976694456997e-08	1.3804683182359386e-09	7.170443769196547e-11	3.298153034943638e-12	1.3900970412963772e-13	5.4924531125672616e-15	2.0670414563049753e-16	7.49521813962267e-18	2.640944624514678e-19	9.100115861470628e-21	3.081480469856638e-22	1.029253077307341e-23	3.4009141556703203e-25	1.1142004981720446e-26	3.6257358189365964e-28	1.1735476689198463e-29	3.7822989590384257e-31	1.214899239319222e-32	3.891832533153167e-34
75	1.3561761486234698e-07	8.861991697523783e-09	4.384779680193372e-10	1.8170663019571974e-11	6.666506345397357e-13	2.2410861028935852e-14	7.062961623535749e-16	2.1203879391132085e-17	6.133974472150183e-19	1.7244730029152807e-20	4.741659562399881e-22	1.2813672071440734e-23	3.4159235094175682e-25	9.009293357867914e-27	2.356139577976579e-28	6.12077231822731e-30	1.58164668019285e-31	4.0699236510166484e-33	1.0437881233033266e-34	2.669839997621544e-36
76	6.720104508956005e-08	3.506429041402977e-09	1.383108189854136e-10	4.5669805203493526e-12	1.3348749983002886e-13	3.575054370645307e-15	8.976739629983591e-17	2.147300050964155e-18	4.950024209042264e-20	1.1090533286609935e-21	2.4305138543615745e-23	5.235417219754002e-25	1.1125787733556701e-26	2.339321068059342e-28	4.877583337380769e-30	1.0102743485965283e-31	2.081583206328332e-33	4.2711098807537425e-35	8.734809954849592e-37	1.7816695204349615e-38
77	3.3201750172868064e-08	1.3811181393185637e-09	4.3378055518355954e-11	1.1400747050273407e-12	2.6521583810624586e-14	5.653381894295374e-16	1.129907205027402e-17	2.151564810869618e-19	3.9486381472175925e-21	7.043855018353468e-23	1.2291678587519445e-24	2.108402530055002e-26	3.568229759030187e-28	5.9752904105573244e-30	9.923049753002633e-32	1.6370888156598562e-33	2.6868137675626083e-35	4.391484660656989e-37	7.154259328646741e-39	1.1624941168122952e-40
78	1.6363707595241742e-08	5.419329682458618e-10	1.3538949690726713e-11	2.829754071706792e-13	5.234900365450968e-15	8.874375142720855e-17	1.4106907338245187e-18	2.1367083895338437e-20	3.1194732589306963e-22	4.427168756505484e-24	6.146725229809226e-26	8.389471826244395e-28	1.1298228432937004e-29	1.5056276321621349e-31	1.9898767890548668e-33	2.6127287123822384e-35	3.412846510526625e-37	4.439780247018011e-39	5.757016899176557e-41	7.445885943523408e-43
79	8.048170659134568e-09	2.1195458158514134e-10	4.208127374016934e-12	6.988965766091528e-14	1.027435450437519e-15	1.3842328828165329e-17	1.7489490958331e-19	2.1057765654643367e-21	2.444072727695625e-23	2.757810866555489e-25	3.0445485153887832e-27	3.3043436201113826e-29	3.5388257646326814e-31	3.750488008527591e-33	3.9421910140334525e-35	4.116841210371817e-37	4.27719874121549e-39	4.425775785954738e-41	4.5647942250275225e-43	4.6961800039634403e-45
80	3.951119794205127e-09	8.265739335820653e-11	1.303088434494274e-12	1.7184990152288664e-14	2.0062917121320124e-16	2.14691260398818e-18	2.154811736907342e-20	2.0612344113641035e-22	1.9009104701426045e-24	1.704462772067928e-26	1.495403983282432e-28	1.2899271227552715e-30	1.0980207299730232e-32	9.249824692106967e-35	7.728535453246821e-37	6.415845761437852e-39	5.298993007614895e-41	4.358922031155342e-43	3.5741803442040924e-45	2.9233025109982025e-47
81	1.936517234192156e-09	3.214791613440509e-11	4.0210847808532544e-13	4.207994304049369e-15	3.8990795715882506e-17	3.3121517327949452e-19	2.6394330374480362e-21	2.004941785636471e-23	1.4684761950746054e-25	1.0458575929953124e-27	7.288942485670758e-30	4.994898271548982e-32	3.3779746096286776e-34	2.260933748880294e-36	1.500998133359822e-38	9.901072435731948e-41	6.4980191837283255e-43	4.247541723582018e-45	2.7676779097866233e-47	1.798876535682188e-49
82	9.476129823449628e-10	1.2470401820099624e-11	1.2365557766051483e-13	1.026135349850426e-15	7.541816295239666e-18	5.0830310248824396e-20	3.214553477944132e-22	1.9381733616678137e-24	1.1269591600527261e-26	6.372677316926145e-29	3.5267095052470005e-31	1.9192296048293378e-33	1.0308232183998823e-35	5.479864834963142e-38	2.8896038390688403e-40	1.5140303485897613e-42	7.89300456237998e-45	4.0984555182688035e-47	2.1214330661407725e-49	1.0953541802344007e-51
83	4.629551443216406e-10	4.824153437987519e-12	3.788901406991226e-14	2.491413358089572e-16	1.4515501339778298e-18	7.757899826690394e-21	3.891647833296018e-23	1.861663804179102e-25	8.590098477510178e-28	3.8553442711224196e-30	1.6936327446090424e-32	7.316969992760905e-35	3.120190788235173e-37	1.3170134560820963e-39	5.514512577785947e-42	2.2944164584590865e-44	9.498727886474465e-47	3.9168977092671195e-49	1.6101310266601925e-51	6.602452052905056e-54
84	2.257832158424755e-10	1.8606209176315607e-12	1.156306824764169e-14	6.019919735198649e-17	2.778402583815578e-19	1.1768513960882116e-21	4.680441285744178e-24	1.7756689505187278e-26	6.499398790424787e-29	2.314402750712808e-31	8.067994212914207e-34	2.7663336537474943e-36	9.363255945634423e-39	3.1372211947401804e-41	1.0427996559103131e-43	3.444520170077676e-46	1.1321499858510704e-48	3.7066225374938464e-51	1.2097831625426397e-53	3.938872332254797e-56
85	1.0989721444040294e-10	7.151373627837354e-13	3.5124684252661636e-15	1.446432154646843e-17	5.284197015897417e-20	1.7727050578673403e-22	5.58649917092069e-25	1.6800425002162582e-27	4.87608666104821e-30	1.3771628793731594e-32	3.8084383493688314e-35	1.0360735091962045e-37	2.782745302197553e-40	7.399410062697474e-43	1.952064648930273e-45	5.117905577353868e-48	1.3352447393247497e-50	3.4701418214820414e-53	8.990901911736484e-56	2.3238412435055e-58
86	5.33657436321828e-11	2.7372370727402157e-13	1.0610002904063095e-15	3.451957191726285e-18	9.972757404086171e-21	2.647715598877116e-23	6.607527798606732e-26	1.5743352841300674e-28	3.6215694286593737e-31	8.10952952116011e-34	1.778489538978681e-36	3.8377451602117675e-39	8.177297739411585e-42	1.7252015802574287e-44	3.611501285401073e-47	7.514016926515793e-50	1.5558060774102597e-52	3.2090698438678737e-55	6.599190720021298e-58	1.3538290628855045e-60
87	2.5839474901690766e-11	1.04230417033525e-13	3.182703182593802e-16	8.169355260296786e-19	1.864266765365644e-21	3.9134620321303736e-24	7.728005438823961e-27	1.457931126322893e-29	2.6568396558963274e-32	4.7148307415640944e-35	8.197125558466494e-38	1.4026071646998435e-40	2.370319253431769e-43	3.9668306567344675e-46	6.5880041964799065e-49	1.0875388024736303e-51	1.786774684977448e-54	2.924578704335143e-57	4.7727317199817935e-60	7.770522397293079e-63
88	1.2465711630986953e-11	3.943071803271016e-14	9.463374865922903e-17	1.9129231194899348e-19	3.44324043722985e-22	5.708500370804851e-25	8.91188511954913e-28	1.3302395010377083e-30	1.9192271316161845e-33	2.6978371544890643e-36	3.7168484842024195e-39	5.0414101618543934e-42	6.755166166949517e-45	8.965487243580303e-48	1.181013802126729e-50	1.546579541059523e-53	2.0158946993445166e-56	2.6179843346236632e-59	3.3900365062922112e-62	4.379690522143661e-65
89	5.985455699887059e-12	1.4791214162940844e-14	2.78200759087601e-17	4.41850758396971e-20	6.261980393007194e-23	8.187437132295317e-26	1.009354422542487e-28	1.190969267788309e-31	1.3594044240198038e-34	1.512762532469587e-37	1.6507654676299423e-40	1.7741676160518535e-43	1.8843033919823813e-46	1.9827685514067952e-49	2.071212510647158e-52	2.151213760808939e-55	2.224213167378963e-58	2.2914852390776506e-61	2.354132845503623e-64	2.4130953867976334e-67
90	2.856087796717921e-12	5.487238271977843e-15	8.05772282857953e-18	1.002581412561504e-20	1.1161540710512358e-23	1.1488352094244395e-26	1.1168178688828827e-29	1.0405061716504998e-32	9.387567106270487e-36	8.26408195869081e-39	7.138594206213854e-42	6.076452959377015e-45	5.1134313955338417e-48	4.2646238109452774e-51	3.5317685826766714e-54	2.9086982006691644e-57	2.3851151171819248e-60	1.949053017044194e-63	1.5883840021208533e-66	1.291671696048774e-69
91	1.3514917858718714e-12	2.0057440523014273e-15	2.2882073657367738e-18	2.221984263547809e-21	1.937457945707765e-24	1.5662568045239366e-27	1.1984829110980005e-30	8.8040240547464e-34	6.271341745456976e-37	4.3634756274188945e-40	2.981560915695085e-43	2.0089099726958908e-46	1.3388392671530572e-49	8.846703942535755e-53	5.806568667745696e-56	3.791096997011677e-59	2.464924001944416e-62	1.597410019829131e-65	1.032530339190762e-68	6.660371524142032e-72
92	6.322320891112223e-13	7.185643724820389e-16	6.327243953648939e-19	4.771340831916898e-22	3.246082883863744e-25	2.05495590595835e-28	1.2348502280468824e-31	7.139474641985298e-35	4.0095812260038146e-38	2.2024895096364758e-41	1.1894088284848863e-44	6.338978706652103e-48	3.343849959255692e-51	1.7497944889328246e-54	9.098973395574472e-58	4.7081199677468536e-61	2.4266593733714677e-64	1.2469061809390159e-67	6.391505481117744e-71	3.269926354369491e-74
93	2.910295374498803e-13	2.503360016018572e-16	1.6865754522916155e-19	9.812107601450568e-23	5.182547639911386e-26	2.5593854180079373e-29	1.2042147418149203e-32	5.46709851645055e-36	2.416346891647483e-39	1.046407070479595e-42	4.461058501182086e-46	1.878937662299582e-49	7.839592061371904e-53	3.2469607882116583e-56	1.3370711800208943e-59	5.481036416325517e-63	2.2388250370050733e-66	9.119155184457145e-70	3.706152237736494e-73	1.5035866382044122e-76
94	1.3085762678997555e-13	8.379095155717678e-17	4.268109807365213e-20	1.8989302259571947e-23	7.735600388763502e-27	2.9652821953306565e-30	1.088244229528961e-33	3.868062538886937e-37	1.3423452919880423e-40	4.574558036904015e-44	1.5374158199343682e-47	5.111723306160733e-51	1.6854607725361148e-54	5.521300939046982e-58	1.7994884058565813e-61	5.841402142523892e-65	1.8902361370358273e-68	6.101486543651035e-72	1.9656363224919877e-75	6.322623173042194e-79
95	5.676000254942642e-14	2.6414315374758135e-17	1.0004547983110315e-20	3.3635031928426936e-24	1.0475126598697096e-27	3.0963466489068793e-31	8.819230829822787e-35	2.4448221904825133e-38	6.64201570530391e-42	1.777165192595029e-45	4.699946635440013e-49	1.2318467154275244e-52	3.2062307123605425e-56	8.29993716418713e-60	2.1394887495968775e-63	5.496643683217911e-67	1.4084666241937481e-70	3.601623731104228e-74	9.194796486105884e-78	2.3443722319119793e-81
96	2.3196937651341466e-14	7.564181237917887e-18	2.0795716409139225e-21	5.195596348294038e-25	1.2223130676620447e-28	2.7616373819255307e-32	6.064657633957146e-36	1.3046708451412389e-39	2.7642110046346067e-43	5.789703612410408e-47	1.2021116674479853e-50	2.479221608535333e-54	5.0866002731959566e-58	1.0393999945106183e-61	2.1172144081562467e-65	4.302002822227619e-69	8.724301802565053e-73	1.7665444363672642e-76	3.572671410946194e-80	7.218495437267715e-84
97	8.470152751011828e-15	1.8223219442106193e-18	3.5056917875917005e-22	6.353617181527489e-26	1.1104232786872976e-29	1.894794416756884e-33	3.18006172672467e-37	5.27407616564451e-41	8.670888129118666e-45	1.4162586556660053e-48	2.3018107002052114e-52	3.726905467332274e-56	6.016652047317639e-60	9.69110982887686e-64	1.5581938160203736e-67	2.5018777049615935e-71	4.0127024973850736e-75	6.430357162078124e-79	1.0297680448094961e-82	1.6482072061268872e-86
98	2.331717073973807e-15	2.9551468933829906e-19	3.74526277606579e-23	4.7466314764902324e-27	6.01573553599222e-31	7.624159199685463e-35	9.662626150097376e-39	1.2246116807266762e-42	1.5520353838351714e-46	1.967002169411788e-50	2.4929183798051762e-54	3.159448497318582e-58	4.0041883794000335e-62	5.074785865738875e-66	6.4316283708315e-70	8.151249056586922e-74	1.0330643711293795e-77	1.3092741829971834e-81	1.6593340494251334e-85	2.102989215962822e-89
